﻿{
	"videos": [
		{
			"courseId": 0,
			"order": 1,
			"videoId": 0,
			"vimeoId": 134345692
		},
		{
			"courseId": 0,
			"order": 2,
			"videoId": 1,
			"vimeoId": 134345691
		},
		{
			"courseId": 0,
			"order": 0,
			"videoId": 2,
			"vimeoId": 133990581
		},
		{
			"courseId": 1,
			"order": 0,
			"videoId": 3,
			"vimeoId": 133682638
		},
		{
			"courseId": 1,
			"order": 1,
			"videoId": 4,
			"vimeoId": 133682637
		},
		{
			"courseId": 2,
			"order": 0,
			"videoId": 5,
			"vimeoId": 133355553
		},
		{
			"courseId": 2,
			"order": 1,
			"videoId": 6,
			"vimeoId": 133085898
		},
		{
			"courseId": 3,
			"order": 0,
			"videoId": 7,
			"vimeoId": 133085897
		},
		{
			"courseId": 3,
			"order": 1,
			"videoId": 8,
			"vimeoId": 132742553
		},
		{
			"courseId": 4,
			"order": 0,
			"videoId": 9,
			"vimeoId": 132468656
		},
		{
			"courseId": 0,
			"order": 3,
			"videoId": 10,
			"vimeoId": 134966096
		},
		{
			"courseId": 0,
			"order": 4,
			"videoId": 11,
			"vimeoId": 134966097
		},
		{
			"courseId": 0,
			"order": 5,
			"videoId": 12,
			"vimeoId": 132333915
		},
		{
			"courseId": 0,
			"order": 6,
			"videoId": 13,
			"vimeoId": 131811607
		},
		{
			"courseId": 0,
			"order": 7,
			"videoId": 14,
			"vimeoId": 130884091
		}
	],
	"users": [
			{
				"userName": "Steve",
				"userId": 0,
				"courseComplete": [ 0, 1, 2 ],
				"videosComplete": [ 0, 1, 2, 3, 4, 5, 6, 7, 8, 9, 10 ]
			},
			{
				"userName": "Bob",
				"userId": 1,
				"courseComplete": [ 0, 1 ],
				"videosComplete": [ 0, 1, 2, 3, 4, 5 ]
			},
			{
				"userName": "Larry",
				"userId": 2,
				"courseComplete": [ ],
				"videosComplete": [ ]
			}
		],
	"categories": [
			{
				"categoryName": "Audio/Video",
				"categoryId": 0
			},
			{
				"categoryName": "Small Groups",
				"categoryId": 1
			}
		],
	"courses": [
			{
				"courseName": "Audio",
				"courseId": 0,
				"categoryId": 0
			},
			{
				"courseName": "Video",
				"courseId": 1,
				"categoryId": 0
			},
			{
				"courseName": "Pro Presenter",
				"courseId": 2,
				"categoryId": 0
			},
			{
				"courseName": "Men's Groups",
				"courseId": 3,
				"categoryId": 1
			},
			{
				"courseName": "Women's Groups",
				"courseId": 4,
				"categoryId": 1
			}
		]
}